{"cameraMode":{"drawMode":0,"name":"Shaded","section":"Shading Mode"},"sceneLighting":true,"audioPlay":false,"sceneViewState":{"m_AlwaysRefresh":false,"showFog":true,"showSkybox":true,"showFlares":true,"showImageEffects":true,"showParticleSystems":true,"showVisualEffectGraphs":true,"m_FxEnabled":true},"in2DMode":false,"pivot":{"x":-0.009168386459350586,"y":0.2548973560333252,"z":0.17030072212219239},"rotation":{"x":0.2671249806880951,"y":-0.4979287385940552,"z":0.16451098024845124,"w":0.8085063695907593},"size":1.705934762954712,"orthographic":false}